<?xml version="1.0" encoding="UTF-8" ?>
<!DOCTYPE mapper
        PUBLIC "-//mybatis.org//DTD Mapper 3.0//EN"
        "http://mybatis.org/dtd/mybatis-3-mapper.dtd">

<mapper namespace="luo.demo.dao.MessageMapper">
    <select id="getallMessage" resultType="message">
        select * from message
    </select>

    <insert id="sendMessage" parameterType="message">
        insert into message (m_senderid,m_content,m_reciecerid,m_data,m_isprivate) values (#{m_senderid},#{m_content},#{m_reciecerid},#{m_data},#{m_isprivate})
    </insert>
    
    <delete id="deleteMessage" parameterType="java.lang.Integer">
        delete from message where m_id=#{arg0}
    </delete>

    <select id="getsendermessagebyid" resultType="message" parameterType="java.lang.Integer">
        select * from message where m_senderid=#{arg0}
    </select>
    
    <select id="getrecievermessagebyid" resultType="message" parameterType="java.lang.Integer">
        select * from message where m_reciecerid=#{arg0}
    </select>

    <!--<insert id="sendAllMessage" parameterType="message">-->
        <!--insert into message (m_senderid,m_content,m_reciecerid,m_data) values (#{m_senderid},#{m_content},#{m_reciecerid},#{m_data})-->
    <!--</insert>-->
</mapper>